transaction_id,customer_id,transaction_date,product_id,amount,payment_method
1,CUST0001,2024-01-01,PROD001,10.09,credit_card
2,CUST0002,2024-01-02,PROD002,10.18,debit_card
3,CUST0003,2024-01-03,PROD003,10.27,cash
4,CUST0004,2024-01-04,PROD004,10.36,digital_wallet
5,CUST0005,2024-01-05,PROD005,10.45,credit_card
6,CUST0006,2024-01-06,PROD006,10.54,debit_card
7,CUST0007,2024-01-07,PROD007,10.63,cash
8,CUST0008,2024-01-08,PROD008,10.72,digital_wallet
9,CUST0009,2024-01-09,PROD009,10.81,credit_card
10,CUST0010,2024-01-10,PROD010,10.9,debit_card
11,CUST0011,2024-01-11,PROD011,10.99,cash
12,CUST0012,2024-01-12,PROD012,11.08,digital_wallet
13,CUST0013,2024-01-13,PROD013,11.17,credit_card
14,CUST0014,2024-01-14,PROD014,11.26,debit_card
15,CUST0015,2024-01-15,PROD015,11.35,cash
16,CUST0016,2024-01-16,PROD016,11.44,digital_wallet
17,CUST0017,2024-01-17,PROD017,11.53,credit_card
18,CUST0018,2024-01-18,PROD018,11.62,debit_card
19,CUST0019,2024-01-19,PROD019,11.71,cash
20,CUST0020,2024-01-20,PROD020,11.8,digital_wallet
21,CUST0021,2024-01-21,PROD021,11.89,credit_card
22,CUST0022,2024-01-22,PROD022,11.98,debit_card
23,CUST0023,2024-01-23,PROD023,12.07,cash
24,CUST0024,2024-01-24,PROD024,12.16,digital_wallet
25,CUST0025,2024-01-25,PROD025,12.25,credit_card
26,CUST0026,2024-01-26,PROD026,12.34,debit_card
27,CUST0027,2024-01-27,PROD027,12.43,cash
28,CUST0028,2024-01-28,PROD028,12.52,digital_wallet
29,CUST0029,2024-01-29,PROD029,12.61,credit_card
30,CUST0030,2024-01-30,PROD030,12.7,debit_card
31,CUST0031,2024-01-31,PROD031,12.79,cash
32,CUST0032,2024-02-01,PROD032,12.88,digital_wallet
33,CUST0033,2024-02-02,PROD033,12.97,credit_card
34,CUST0034,2024-02-03,PROD034,13.06,debit_card
35,CUST0035,2024-02-04,PROD035,13.15,cash
36,CUST0036,2024-02-05,PROD036,13.24,digital_wallet
37,CUST0037,2024-02-06,PROD037,13.33,credit_card
38,CUST0038,2024-02-07,PROD038,13.42,debit_card
39,CUST0039,2024-02-08,PROD039,13.51,cash
40,CUST0040,2024-02-09,PROD040,13.6,digital_wallet
41,CUST0041,2024-02-10,PROD041,13.69,credit_card
42,CUST0042,2024-02-11,PROD042,13.78,debit_card
43,CUST0043,2024-02-12,PROD043,13.87,cash
44,CUST0044,2024-02-13,PROD044,13.96,digital_wallet
45,CUST0045,2024-02-14,PROD045,14.05,credit_card
46,CUST0046,2024-02-15,PROD046,14.14,debit_card
47,CUST0047,2024-02-16,PROD047,14.23,cash
48,CUST0048,2024-02-17,PROD048,14.32,digital_wallet
49,CUST0049,2024-02-18,PROD049,14.41,credit_card
50,CUST0050,2024-02-19,PROD050,14.5,debit_card
51,CUST0051,2024-02-20,PROD001,14.59,cash
52,CUST0052,2024-02-21,PROD002,14.68,digital_wallet
53,CUST0053,2024-02-22,PROD003,14.77,credit_card
54,CUST0054,2024-02-23,PROD004,14.86,debit_card
55,CUST0055,2024-02-24,PROD005,14.95,cash
56,CUST0056,2024-02-25,PROD006,15.04,digital_wallet
57,CUST0057,2024-02-26,PROD007,15.13,credit_card
58,CUST0058,2024-02-27,PROD008,15.22,debit_card
59,CUST0059,2024-02-28,PROD009,15.31,cash
60,CUST0060,2024-02-29,PROD010,15.4,digital_wallet
61,CUST0061,2024-03-01,PROD011,15.49,credit_card
62,CUST0062,2024-03-02,PROD012,15.58,debit_card
63,CUST0063,2024-03-03,PROD013,15.67,cash
64,CUST0064,2024-03-04,PROD014,15.76,digital_wallet
65,CUST0065,2024-03-05,PROD015,15.85,credit_card
66,CUST0066,2024-03-06,PROD016,15.94,debit_card
67,CUST0067,2024-03-07,PROD017,16.03,cash
68,CUST0068,2024-03-08,PROD018,16.12,digital_wallet
69,CUST0069,2024-03-09,PROD019,16.21,credit_card
70,CUST0070,2024-03-10,PROD020,16.3,debit_card
71,CUST0071,2024-03-11,PROD021,16.39,cash
72,CUST0072,2024-03-12,PROD022,16.48,digital_wallet
73,CUST0073,2024-03-13,PROD023,16.57,credit_card
74,CUST0074,2024-03-14,PROD024,16.66,debit_card
75,CUST0075,2024-03-15,PROD025,16.75,cash
76,CUST0076,2024-03-16,PROD026,16.84,digital_wallet
77,CUST0077,2024-03-17,PROD027,16.93,credit_card
78,CUST0078,2024-03-18,PROD028,17.02,debit_card
79,CUST0079,2024-03-19,PROD029,17.11,cash
80,CUST0080,2024-03-20,PROD030,17.2,digital_wallet
81,CUST0081,2024-03-21,PROD031,17.29,credit_card
82,CUST0082,2024-03-22,PROD032,17.38,debit_card
83,CUST0083,2024-03-23,PROD033,17.47,cash
84,CUST0084,2024-03-24,PROD034,17.56,digital_wallet
85,CUST0085,2024-03-25,PROD035,17.65,credit_card
86,CUST0086,2024-03-26,PROD036,17.74,debit_card
87,CUST0087,2024-03-27,PROD037,17.83,cash
88,CUST0088,2024-03-28,PROD038,17.92,digital_wallet
89,CUST0089,2024-03-29,PROD039,18.01,credit_card
90,CUST0090,2024-03-30,PROD040,18.1,debit_card
91,CUST0091,2024-03-31,PROD041,18.19,cash
92,CUST0092,2024-04-01,PROD042,18.28,digital_wallet
93,CUST0093,2024-04-02,PROD043,18.37,credit_card
94,CUST0094,2024-04-03,PROD044,18.46,debit_card
95,CUST0095,2024-04-04,PROD045,18.55,cash
96,CUST0096,2024-04-05,PROD046,18.64,digital_wallet
97,CUST0097,2024-04-06,PROD047,18.73,credit_card
98,CUST0098,2024-04-07,PROD048,18.82,debit_card
99,CUST0099,2024-04-08,PROD049,18.91,cash
100,CUST0100,2024-04-09,PROD050,19.0,digital_wallet
101,CUST0001,2024-04-10,PROD001,19.09,credit_card
102,CUST0002,2024-04-11,PROD002,19.18,debit_card
103,CUST0003,2024-04-12,PROD003,19.27,cash
104,CUST0004,2024-04-13,PROD004,19.36,digital_wallet
105,CUST0005,2024-04-14,PROD005,19.45,credit_card
106,CUST0006,2024-04-15,PROD006,19.54,debit_card
107,CUST0007,2024-04-16,PROD007,19.63,cash
108,CUST0008,2024-04-17,PROD008,19.72,digital_wallet
109,CUST0009,2024-04-18,PROD009,19.81,credit_card
110,CUST0010,2024-04-19,PROD010,19.9,debit_card
111,CUST0011,2024-04-20,PROD011,19.99,cash
112,CUST0012,2024-04-21,PROD012,20.08,digital_wallet
113,CUST0013,2024-04-22,PROD013,20.17,credit_card
114,CUST0014,2024-04-23,PROD014,20.26,debit_card
115,CUST0015,2024-04-24,PROD015,20.35,cash
116,CUST0016,2024-04-25,PROD016,20.44,digital_wallet
117,CUST0017,2024-04-26,PROD017,20.53,credit_card
118,CUST0018,2024-04-27,PROD018,20.62,debit_card
119,CUST0019,2024-04-28,PROD019,20.71,cash
120,CUST0020,2024-04-29,PROD020,20.8,digital_wallet
121,CUST0021,2024-04-30,PROD021,20.89,credit_card
122,CUST0022,2024-05-01,PROD022,20.98,debit_card
123,CUST0023,2024-05-02,PROD023,21.07,cash
124,CUST0024,2024-05-03,PROD024,21.16,digital_wallet
125,CUST0025,2024-05-04,PROD025,21.25,credit_card
126,CUST0026,2024-05-05,PROD026,21.34,debit_card
127,CUST0027,2024-05-06,PROD027,21.43,cash
128,CUST0028,2024-05-07,PROD028,21.52,digital_wallet
129,CUST0029,2024-05-08,PROD029,21.61,credit_card
130,CUST0030,2024-05-09,PROD030,21.7,debit_card
131,CUST0031,2024-05-10,PROD031,21.79,cash
132,CUST0032,2024-05-11,PROD032,21.88,digital_wallet
133,CUST0033,2024-05-12,PROD033,21.97,credit_card
134,CUST0034,2024-05-13,PROD034,22.06,debit_card
135,CUST0035,2024-05-14,PROD035,22.15,cash
136,CUST0036,2024-05-15,PROD036,22.24,digital_wallet
137,CUST0037,2024-05-16,PROD037,22.33,credit_card
138,CUST0038,2024-05-17,PROD038,22.42,debit_card
139,CUST0039,2024-05-18,PROD039,22.51,cash
140,CUST0040,2024-05-19,PROD040,22.6,digital_wallet
141,CUST0041,2024-05-20,PROD041,22.69,credit_card
142,CUST0042,2024-05-21,PROD042,22.78,debit_card
143,CUST0043,2024-05-22,PROD043,22.87,cash
144,CUST0044,2024-05-23,PROD044,22.96,digital_wallet
145,CUST0045,2024-05-24,PROD045,23.05,credit_card
146,CUST0046,2024-05-25,PROD046,23.14,debit_card
147,CUST0047,2024-05-26,PROD047,23.23,cash
148,CUST0048,2024-05-27,PROD048,23.32,digital_wallet
149,CUST0049,2024-05-28,PROD049,23.41,credit_card
150,CUST0050,2024-05-29,PROD050,23.5,debit_card
151,CUST0051,2024-05-30,PROD001,23.59,cash
152,CUST0052,2024-05-31,PROD002,23.68,digital_wallet
153,CUST0053,2024-06-01,PROD003,23.77,credit_card
154,CUST0054,2024-06-02,PROD004,23.86,debit_card
155,CUST0055,2024-06-03,PROD005,23.95,cash
156,CUST0056,2024-06-04,PROD006,24.04,digital_wallet
157,CUST0057,2024-06-05,PROD007,24.13,credit_card
158,CUST0058,2024-06-06,PROD008,24.22,debit_card
159,CUST0059,2024-06-07,PROD009,24.31,cash
160,CUST0060,2024-06-08,PROD010,24.4,digital_wallet
161,CUST0061,2024-06-09,PROD011,24.49,credit_card
162,CUST0062,2024-06-10,PROD012,24.58,debit_card
163,CUST0063,2024-06-11,PROD013,24.67,cash
164,CUST0064,2024-06-12,PROD014,24.76,digital_wallet
165,CUST0065,2024-06-13,PROD015,24.85,credit_card
166,CUST0066,2024-06-14,PROD016,24.94,debit_card
167,CUST0067,2024-06-15,PROD017,25.03,cash
168,CUST0068,2024-06-16,PROD018,25.12,digital_wallet
169,CUST0069,2024-06-17,PROD019,25.21,credit_card
170,CUST0070,2024-06-18,PROD020,25.3,debit_card
171,CUST0071,2024-06-19,PROD021,25.39,cash
172,CUST0072,2024-06-20,PROD022,25.48,digital_wallet
173,CUST0073,2024-06-21,PROD023,25.57,credit_card
174,CUST0074,2024-06-22,PROD024,25.66,debit_card
175,CUST0075,2024-06-23,PROD025,25.75,cash
176,CUST0076,2024-06-24,PROD026,25.84,digital_wallet
177,CUST0077,2024-06-25,PROD027,25.93,credit_card
178,CUST0078,2024-06-26,PROD028,26.02,debit_card
179,CUST0079,2024-06-27,PROD029,26.11,cash
180,CUST0080,2024-06-28,PROD030,26.2,digital_wallet
181,CUST0081,2024-06-29,PROD031,26.29,credit_card
182,CUST0082,2024-06-30,PROD032,26.38,debit_card
183,CUST0083,2024-07-01,PROD033,26.47,cash
184,CUST0084,2024-07-02,PROD034,26.56,digital_wallet
185,CUST0085,2024-07-03,PROD035,26.65,credit_card
186,CUST0086,2024-07-04,PROD036,26.74,debit_card
187,CUST0087,2024-07-05,PROD037,26.83,cash
188,CUST0088,2024-07-06,PROD038,26.92,digital_wallet
189,CUST0089,2024-07-07,PROD039,27.01,credit_card
190,CUST0090,2024-07-08,PROD040,27.1,debit_card
191,CUST0091,2024-07-09,PROD041,27.19,cash
192,CUST0092,2024-07-10,PROD042,27.28,digital_wallet
193,CUST0093,2024-07-11,PROD043,27.37,credit_card
194,CUST0094,2024-07-12,PROD044,27.46,debit_card
195,CUST0095,2024-07-13,PROD045,27.55,cash
196,CUST0096,2024-07-14,PROD046,27.64,digital_wallet
197,CUST0097,2024-07-15,PROD047,27.73,credit_card
198,CUST0098,2024-07-16,PROD048,27.82,debit_card
199,CUST0099,2024-07-17,PROD049,27.91,cash
200,CUST0100,2024-07-18,PROD050,28.0,digital_wallet
201,CUST0001,2024-07-19,PROD001,28.09,credit_card
202,CUST0002,2024-07-20,PROD002,28.18,debit_card
203,CUST0003,2024-07-21,PROD003,28.27,cash
204,CUST0004,2024-07-22,PROD004,28.36,digital_wallet
205,CUST0005,2024-07-23,PROD005,28.45,credit_card
206,CUST0006,2024-07-24,PROD006,28.54,debit_card
207,CUST0007,2024-07-25,PROD007,28.63,cash
208,CUST0008,2024-07-26,PROD008,28.72,digital_wallet
209,CUST0009,2024-07-27,PROD009,28.81,credit_card
210,CUST0010,2024-07-28,PROD010,28.9,debit_card
211,CUST0011,2024-07-29,PROD011,28.99,cash
212,CUST0012,2024-07-30,PROD012,29.08,digital_wallet
213,CUST0013,2024-07-31,PROD013,29.17,credit_card
214,CUST0014,2024-08-01,PROD014,29.26,debit_card
215,CUST0015,2024-08-02,PROD015,29.35,cash
216,CUST0016,2024-08-03,PROD016,29.44,digital_wallet
217,CUST0017,2024-08-04,PROD017,29.53,credit_card
218,CUST0018,2024-08-05,PROD018,29.62,debit_card
219,CUST0019,2024-08-06,PROD019,29.71,cash
220,CUST0020,2024-08-07,PROD020,29.8,digital_wallet
221,CUST0021,2024-08-08,PROD021,29.89,credit_card
222,CUST0022,2024-08-09,PROD022,29.98,debit_card
223,CUST0023,2024-08-10,PROD023,30.07,cash
224,CUST0024,2024-08-11,PROD024,30.16,digital_wallet
225,CUST0025,2024-08-12,PROD025,30.25,credit_card
226,CUST0026,2024-08-13,PROD026,30.34,debit_card
227,CUST0027,2024-08-14,PROD027,30.43,cash
228,CUST0028,2024-08-15,PROD028,30.52,digital_wallet
229,CUST0029,2024-08-16,PROD029,30.61,credit_card
230,CUST0030,2024-08-17,PROD030,30.7,debit_card
231,CUST0031,2024-08-18,PROD031,30.79,cash
232,CUST0032,2024-08-19,PROD032,30.88,digital_wallet
233,CUST0033,2024-08-20,PROD033,30.97,credit_card
234,CUST0034,2024-08-21,PROD034,31.06,debit_card
235,CUST0035,2024-08-22,PROD035,31.15,cash
236,CUST0036,2024-08-23,PROD036,31.24,digital_wallet
237,CUST0037,2024-08-24,PROD037,31.33,credit_card
238,CUST0038,2024-08-25,PROD038,31.42,debit_card
239,CUST0039,2024-08-26,PROD039,31.51,cash
240,CUST0040,2024-08-27,PROD040,31.6,digital_wallet
241,CUST0041,2024-08-28,PROD041,31.69,credit_card
242,CUST0042,2024-08-29,PROD042,31.78,debit_card
243,CUST0043,2024-08-30,PROD043,31.87,cash
244,CUST0044,2024-08-31,PROD044,31.96,digital_wallet
245,CUST0045,2024-09-01,PROD045,32.05,credit_card
246,CUST0046,2024-09-02,PROD046,32.14,debit_card
247,CUST0047,2024-09-03,PROD047,32.23,cash
248,CUST0048,2024-09-04,PROD048,32.32,digital_wallet
249,CUST0049,2024-09-05,PROD049,32.41,credit_card
250,CUST0050,2024-09-06,PROD050,32.5,debit_card
251,CUST0051,2024-09-07,PROD001,32.59,cash
252,CUST0052,2024-09-08,PROD002,32.68,digital_wallet
253,CUST0053,2024-09-09,PROD003,32.77,credit_card
254,CUST0054,2024-09-10,PROD004,32.86,debit_card
255,CUST0055,2024-09-11,PROD005,32.95,cash
256,CUST0056,2024-09-12,PROD006,33.04,digital_wallet
257,CUST0057,2024-09-13,PROD007,33.13,credit_card
258,CUST0058,2024-09-14,PROD008,33.22,debit_card
259,CUST0059,2024-09-15,PROD009,33.31,cash
260,CUST0060,2024-09-16,PROD010,33.4,digital_wallet
261,CUST0061,2024-09-17,PROD011,33.49,credit_card
262,CUST0062,2024-09-18,PROD012,33.58,debit_card
263,CUST0063,2024-09-19,PROD013,33.67,cash
264,CUST0064,2024-09-20,PROD014,33.76,digital_wallet
265,CUST0065,2024-09-21,PROD015,33.85,credit_card
266,CUST0066,2024-09-22,PROD016,33.94,debit_card
267,CUST0067,2024-09-23,PROD017,34.03,cash
268,CUST0068,2024-09-24,PROD018,34.12,digital_wallet
269,CUST0069,2024-09-25,PROD019,34.21,credit_card
270,CUST0070,2024-09-26,PROD020,34.3,debit_card
271,CUST0071,2024-09-27,PROD021,34.39,cash
272,CUST0072,2024-09-28,PROD022,34.48,digital_wallet
273,CUST0073,2024-09-29,PROD023,34.57,credit_card
274,CUST0074,2024-09-30,PROD024,34.66,debit_card
275,CUST0075,2024-10-01,PROD025,34.75,cash
276,CUST0076,2024-10-02,PROD026,34.84,digital_wallet
277,CUST0077,2024-10-03,PROD027,34.93,credit_card
278,CUST0078,2024-10-04,PROD028,35.02,debit_card
279,CUST0079,2024-10-05,PROD029,35.11,cash
280,CUST0080,2024-10-06,PROD030,35.2,digital_wallet
281,CUST0081,2024-10-07,PROD031,35.29,credit_card
282,CUST0082,2024-10-08,PROD032,35.38,debit_card
283,CUST0083,2024-10-09,PROD033,35.47,cash
284,CUST0084,2024-10-10,PROD034,35.56,digital_wallet
285,CUST0085,2024-10-11,PROD035,35.65,credit_card
286,CUST0086,2024-10-12,PROD036,35.74,debit_card
287,CUST0087,2024-10-13,PROD037,35.83,cash
288,CUST0088,2024-10-14,PROD038,35.92,digital_wallet
289,CUST0089,2024-10-15,PROD039,36.01,credit_card
290,CUST0090,2024-10-16,PROD040,36.1,debit_card
291,CUST0091,2024-10-17,PROD041,36.19,cash
292,CUST0092,2024-10-18,PROD042,36.28,digital_wallet
293,CUST0093,2024-10-19,PROD043,36.37,credit_card
294,CUST0094,2024-10-20,PROD044,36.46,debit_card
295,CUST0095,2024-10-21,PROD045,36.55,cash
296,CUST0096,2024-10-22,PROD046,36.64,digital_wallet
297,CUST0097,2024-10-23,PROD047,36.73,credit_card
298,CUST0098,2024-10-24,PROD048,36.82,debit_card
299,CUST0099,2024-10-25,PROD049,36.91,cash
300,CUST0100,2024-10-26,PROD050,37.0,digital_wallet
301,CUST0001,2024-10-27,PROD001,37.09,credit_card
302,CUST0002,2024-10-28,PROD002,37.18,debit_card
303,CUST0003,2024-10-29,PROD003,37.27,cash
304,CUST0004,2024-10-30,PROD004,37.36,digital_wallet
305,CUST0005,2024-10-31,PROD005,37.45,credit_card
306,CUST0006,2024-11-01,PROD006,37.54,debit_card
307,CUST0007,2024-11-02,PROD007,37.63,cash
308,CUST0008,2024-11-03,PROD008,37.72,digital_wallet
309,CUST0009,2024-11-04,PROD009,37.81,credit_card
310,CUST0010,2024-11-05,PROD010,37.9,debit_card
311,CUST0011,2024-11-06,PROD011,37.99,cash
312,CUST0012,2024-11-07,PROD012,38.08,digital_wallet
313,CUST0013,2024-11-08,PROD013,38.17,credit_card
314,CUST0014,2024-11-09,PROD014,38.26,debit_card
315,CUST0015,2024-11-10,PROD015,38.35,cash
316,CUST0016,2024-11-11,PROD016,38.44,digital_wallet
317,CUST0017,2024-11-12,PROD017,38.53,credit_card
318,CUST0018,2024-11-13,PROD018,38.62,debit_card
319,CUST0019,2024-11-14,PROD019,38.71,cash
320,CUST0020,2024-11-15,PROD020,38.8,digital_wallet
321,CUST0021,2024-11-16,PROD021,38.89,credit_card
322,CUST0022,2024-11-17,PROD022,38.98,debit_card
323,CUST0023,2024-11-18,PROD023,39.07,cash
324,CUST0024,2024-11-19,PROD024,39.16,digital_wallet
325,CUST0025,2024-11-20,PROD025,39.25,credit_card
326,CUST0026,2024-11-21,PROD026,39.34,debit_card
327,CUST0027,2024-11-22,PROD027,39.43,cash
328,CUST0028,2024-11-23,PROD028,39.52,digital_wallet
329,CUST0029,2024-11-24,PROD029,39.61,credit_card
330,CUST0030,2024-11-25,PROD030,39.7,debit_card
331,CUST0031,2024-11-26,PROD031,39.79,cash
332,CUST0032,2024-11-27,PROD032,39.88,digital_wallet
333,CUST0033,2024-11-28,PROD033,39.97,credit_card
334,CUST0034,2024-11-29,PROD034,40.06,debit_card
335,CUST0035,2024-11-30,PROD035,40.15,cash
336,CUST0036,2024-12-01,PROD036,40.24,digital_wallet
337,CUST0037,2024-12-02,PROD037,40.33,credit_card
338,CUST0038,2024-12-03,PROD038,40.42,debit_card
339,CUST0039,2024-12-04,PROD039,40.51,cash
340,CUST0040,2024-12-05,PROD040,40.6,digital_wallet
341,CUST0041,2024-12-06,PROD041,40.69,credit_card
342,CUST0042,2024-12-07,PROD042,40.78,debit_card
343,CUST0043,2024-12-08,PROD043,40.87,cash
344,CUST0044,2024-12-09,PROD044,40.96,digital_wallet
345,CUST0045,2024-12-10,PROD045,41.05,credit_card
346,CUST0046,2024-12-11,PROD046,41.14,debit_card
347,CUST0047,2024-12-12,PROD047,41.23,cash
348,CUST0048,2024-12-13,PROD048,41.32,digital_wallet
349,CUST0049,2024-12-14,PROD049,41.41,credit_card
350,CUST0050,2024-12-15,PROD050,41.5,debit_card
351,CUST0051,2024-12-16,PROD001,41.59,cash
352,CUST0052,2024-12-17,PROD002,41.68,digital_wallet
353,CUST0053,2024-12-18,PROD003,41.77,credit_card
354,CUST0054,2024-12-19,PROD004,41.86,debit_card
355,CUST0055,2024-12-20,PROD005,41.95,cash
356,CUST0056,2024-12-21,PROD006,42.04,digital_wallet
357,CUST0057,2024-12-22,PROD007,42.13,credit_card
358,CUST0058,2024-12-23,PROD008,42.22,debit_card
359,CUST0059,2024-12-24,PROD009,42.31,cash
360,CUST0060,2024-12-25,PROD010,42.4,digital_wallet
361,CUST0061,2024-12-26,PROD011,42.49,credit_card
362,CUST0062,2024-12-27,PROD012,42.58,debit_card
363,CUST0063,2024-12-28,PROD013,42.67,cash
364,CUST0064,2024-12-29,PROD014,42.76,digital_wallet
365,CUST0065,2024-12-30,PROD015,42.85,credit_card
366,CUST0066,2024-12-31,PROD016,42.94,debit_card
367,CUST0067,2025-01-01,PROD017,43.03,cash
368,CUST0068,2025-01-02,PROD018,43.12,digital_wallet
369,CUST0069,2025-01-03,PROD019,43.21,credit_card
370,CUST0070,2025-01-04,PROD020,43.3,debit_card
371,CUST0071,2025-01-05,PROD021,43.39,cash
372,CUST0072,2025-01-06,PROD022,43.48,digital_wallet
373,CUST0073,2025-01-07,PROD023,43.57,credit_card
374,CUST0074,2025-01-08,PROD024,43.66,debit_card
375,CUST0075,2025-01-09,PROD025,43.75,cash
376,CUST0076,2025-01-10,PROD026,43.84,digital_wallet
377,CUST0077,2025-01-11,PROD027,43.93,credit_card
378,CUST0078,2025-01-12,PROD028,44.02,debit_card
379,CUST0079,2025-01-13,PROD029,44.11,cash
380,CUST0080,2025-01-14,PROD030,44.2,digital_wallet
381,CUST0081,2025-01-15,PROD031,44.29,credit_card
382,CUST0082,2025-01-16,PROD032,44.38,debit_card
383,CUST0083,2025-01-17,PROD033,44.47,cash
384,CUST0084,2025-01-18,PROD034,44.56,digital_wallet
385,CUST0085,2025-01-19,PROD035,44.65,credit_card
386,CUST0086,2025-01-20,PROD036,44.74,debit_card
387,CUST0087,2025-01-21,PROD037,44.83,cash
388,CUST0088,2025-01-22,PROD038,44.92,digital_wallet
389,CUST0089,2025-01-23,PROD039,45.01,credit_card
390,CUST0090,2025-01-24,PROD040,45.1,debit_card
391,CUST0091,2025-01-25,PROD041,45.19,cash
392,CUST0092,2025-01-26,PROD042,45.28,digital_wallet
393,CUST0093,2025-01-27,PROD043,45.37,credit_card
394,CUST0094,2025-01-28,PROD044,45.46,debit_card
395,CUST0095,2025-01-29,PROD045,45.55,cash
396,CUST0096,2025-01-30,PROD046,45.64,digital_wallet
397,CUST0097,2025-01-31,PROD047,45.73,credit_card
398,CUST0098,2025-02-01,PROD048,45.82,debit_card
399,CUST0099,2025-02-02,PROD049,45.91,cash
400,CUST0100,2025-02-03,PROD050,46.0,digital_wallet
401,CUST0001,2025-02-04,PROD001,46.09,credit_card
402,CUST0002,2025-02-05,PROD002,46.18,debit_card
403,CUST0003,2025-02-06,PROD003,46.27,cash
404,CUST0004,2025-02-07,PROD004,46.36,digital_wallet
405,CUST0005,2025-02-08,PROD005,46.45,credit_card
406,CUST0006,2025-02-09,PROD006,46.54,debit_card
407,CUST0007,2025-02-10,PROD007,46.63,cash
408,CUST0008,2025-02-11,PROD008,46.72,digital_wallet
409,CUST0009,2025-02-12,PROD009,46.81,credit_card
410,CUST0010,2025-02-13,PROD010,46.9,debit_card
411,CUST0011,2025-02-14,PROD011,46.99,cash
412,CUST0012,2025-02-15,PROD012,47.08,digital_wallet
413,CUST0013,2025-02-16,PROD013,47.17,credit_card
414,CUST0014,2025-02-17,PROD014,47.26,debit_card
415,CUST0015,2025-02-18,PROD015,47.35,cash
416,CUST0016,2025-02-19,PROD016,47.44,digital_wallet
417,CUST0017,2025-02-20,PROD017,47.53,credit_card
418,CUST0018,2025-02-21,PROD018,47.62,debit_card
419,CUST0019,2025-02-22,PROD019,47.71,cash
420,CUST0020,2025-02-23,PROD020,47.8,digital_wallet
421,CUST0021,2025-02-24,PROD021,47.89,credit_card
422,CUST0022,2025-02-25,PROD022,47.98,debit_card
423,CUST0023,2025-02-26,PROD023,48.07,cash
424,CUST0024,2025-02-27,PROD024,48.16,digital_wallet
425,CUST0025,2025-02-28,PROD025,48.25,credit_card
426,CUST0026,2025-03-01,PROD026,48.34,debit_card
427,CUST0027,2025-03-02,PROD027,48.43,cash
428,CUST0028,2025-03-03,PROD028,48.52,digital_wallet
429,CUST0029,2025-03-04,PROD029,48.61,credit_card
430,CUST0030,2025-03-05,PROD030,48.7,debit_card
431,CUST0031,2025-03-06,PROD031,48.79,cash
432,CUST0032,2025-03-07,PROD032,48.88,digital_wallet
433,CUST0033,2025-03-08,PROD033,48.97,credit_card
434,CUST0034,2025-03-09,PROD034,49.06,debit_card
435,CUST0035,2025-03-10,PROD035,49.15,cash
436,CUST0036,2025-03-11,PROD036,49.24,digital_wallet
437,CUST0037,2025-03-12,PROD037,49.33,credit_card
438,CUST0038,2025-03-13,PROD038,49.42,debit_card
439,CUST0039,2025-03-14,PROD039,49.51,cash
440,CUST0040,2025-03-15,PROD040,49.6,digital_wallet
441,CUST0041,2025-03-16,PROD041,49.69,credit_card
442,CUST0042,2025-03-17,PROD042,49.78,debit_card
443,CUST0043,2025-03-18,PROD043,49.87,cash
444,CUST0044,2025-03-19,PROD044,49.96,digital_wallet
445,CUST0045,2025-03-20,PROD045,50.05,credit_card
446,CUST0046,2025-03-21,PROD046,50.14,debit_card
447,CUST0047,2025-03-22,PROD047,50.23,cash
448,CUST0048,2025-03-23,PROD048,50.32,digital_wallet
449,CUST0049,2025-03-24,PROD049,50.41,credit_card
450,CUST0050,2025-03-25,PROD050,50.5,debit_card
451,CUST0051,2025-03-26,PROD001,50.59,cash
452,CUST0052,2025-03-27,PROD002,50.68,digital_wallet
453,CUST0053,2025-03-28,PROD003,50.77,credit_card
454,CUST0054,2025-03-29,PROD004,50.86,debit_card
455,CUST0055,2025-03-30,PROD005,50.95,cash
456,CUST0056,2025-03-31,PROD006,51.04,digital_wallet
457,CUST0057,2025-04-01,PROD007,51.13,credit_card
458,CUST0058,2025-04-02,PROD008,51.22,debit_card
459,CUST0059,2025-04-03,PROD009,51.31,cash
460,CUST0060,2025-04-04,PROD010,51.4,digital_wallet
461,CUST0061,2025-04-05,PROD011,51.49,credit_card
462,CUST0062,2025-04-06,PROD012,51.58,debit_card
463,CUST0063,2025-04-07,PROD013,51.67,cash
464,CUST0064,2025-04-08,PROD014,51.76,digital_wallet
465,CUST0065,2025-04-09,PROD015,51.85,credit_card
466,CUST0066,2025-04-10,PROD016,51.94,debit_card
467,CUST0067,2025-04-11,PROD017,52.03,cash
468,CUST0068,2025-04-12,PROD018,52.12,digital_wallet
469,CUST0069,2025-04-13,PROD019,52.21,credit_card
470,CUST0070,2025-04-14,PROD020,52.3,debit_card
471,CUST0071,2025-04-15,PROD021,52.39,cash
472,CUST0072,2025-04-16,PROD022,52.48,digital_wallet
473,CUST0073,2025-04-17,PROD023,52.57,credit_card
474,CUST0074,2025-04-18,PROD024,52.66,debit_card
475,CUST0075,2025-04-19,PROD025,52.75,cash
476,CUST0076,2025-04-20,PROD026,52.84,digital_wallet
477,CUST0077,2025-04-21,PROD027,52.93,credit_card
478,CUST0078,2025-04-22,PROD028,53.02,debit_card
479,CUST0079,2025-04-23,PROD029,53.11,cash
480,CUST0080,2025-04-24,PROD030,53.2,digital_wallet
481,CUST0081,2025-04-25,PROD031,53.29,credit_card
482,CUST0082,2025-04-26,PROD032,53.38,debit_card
483,CUST0083,2025-04-27,PROD033,53.47,cash
484,CUST0084,2025-04-28,PROD034,53.56,digital_wallet
485,CUST0085,2025-04-29,PROD035,53.65,credit_card
486,CUST0086,2025-04-30,PROD036,53.74,debit_card
487,CUST0087,2025-05-01,PROD037,53.83,cash
488,CUST0088,2025-05-02,PROD038,53.92,digital_wallet
489,CUST0089,2025-05-03,PROD039,54.01,credit_card
490,CUST0090,2025-05-04,PROD040,54.1,debit_card
491,CUST0091,2025-05-05,PROD041,54.19,cash
492,CUST0092,2025-05-06,PROD042,54.28,digital_wallet
493,CUST0093,2025-05-07,PROD043,54.37,credit_card
494,CUST0094,2025-05-08,PROD044,54.46,debit_card
495,CUST0095,2025-05-09,PROD045,54.55,cash
496,CUST0096,2025-05-10,PROD046,54.64,digital_wallet
497,CUST0097,2025-05-11,PROD047,54.73,credit_card
498,CUST0098,2025-05-12,PROD048,54.82,debit_card
499,CUST0099,2025-05-13,PROD049,54.91,cash
500,CUST0100,2025-05-14,PROD050,55.0,digital_wallet
501,CUST0001,2025-05-15,PROD001,55.09,credit_card
502,CUST0002,2025-05-16,PROD002,55.18,debit_card
503,CUST0003,2025-05-17,PROD003,55.27,cash
504,CUST0004,2025-05-18,PROD004,55.36,digital_wallet
505,CUST0005,2025-05-19,PROD005,55.45,credit_card
506,CUST0006,2025-05-20,PROD006,55.54,debit_card
507,CUST0007,2025-05-21,PROD007,55.63,cash
508,CUST0008,2025-05-22,PROD008,55.72,digital_wallet
509,CUST0009,2025-05-23,PROD009,55.81,credit_card
510,CUST0010,2025-05-24,PROD010,55.9,debit_card
511,CUST0011,2025-05-25,PROD011,55.99,cash
512,CUST0012,2025-05-26,PROD012,56.08,digital_wallet
513,CUST0013,2025-05-27,PROD013,56.17,credit_card
514,CUST0014,2025-05-28,PROD014,56.26,debit_card
515,CUST0015,2025-05-29,PROD015,56.35,cash
516,CUST0016,2025-05-30,PROD016,56.44,digital_wallet
517,CUST0017,2025-05-31,PROD017,56.53,credit_card
518,CUST0018,2025-06-01,PROD018,56.62,debit_card
519,CUST0019,2025-06-02,PROD019,56.71,cash
520,CUST0020,2025-06-03,PROD020,56.8,digital_wallet
521,CUST0021,2025-06-04,PROD021,56.89,credit_card
522,CUST0022,2025-06-05,PROD022,56.98,debit_card
523,CUST0023,2025-06-06,PROD023,57.07,cash
524,CUST0024,2025-06-07,PROD024,57.16,digital_wallet
525,CUST0025,2025-06-08,PROD025,57.25,credit_card
526,CUST0026,2025-06-09,PROD026,57.34,debit_card
527,CUST0027,2025-06-10,PROD027,57.43,cash
528,CUST0028,2025-06-11,PROD028,57.52,digital_wallet
529,CUST0029,2025-06-12,PROD029,57.61,credit_card
530,CUST0030,2025-06-13,PROD030,57.7,debit_card
531,CUST0031,2025-06-14,PROD031,57.79,cash
532,CUST0032,2025-06-15,PROD032,57.88,digital_wallet
533,CUST0033,2025-06-16,PROD033,57.97,credit_card
534,CUST0034,2025-06-17,PROD034,58.06,debit_card
535,CUST0035,2025-06-18,PROD035,58.15,cash
536,CUST0036,2025-06-19,PROD036,58.24,digital_wallet
537,CUST0037,2025-06-20,PROD037,58.33,credit_card
538,CUST0038,2025-06-21,PROD038,58.42,debit_card
539,CUST0039,2025-06-22,PROD039,58.51,cash
540,CUST0040,2025-06-23,PROD040,58.6,digital_wallet
541,CUST0041,2025-06-24,PROD041,58.69,credit_card
542,CUST0042,2025-06-25,PROD042,58.78,debit_card
543,CUST0043,2025-06-26,PROD043,58.87,cash
544,CUST0044,2025-06-27,PROD044,58.96,digital_wallet
545,CUST0045,2025-06-28,PROD045,59.05,credit_card
546,CUST0046,2025-06-29,PROD046,59.14,debit_card
547,CUST0047,2025-06-30,PROD047,59.23,cash
548,CUST0048,2025-07-01,PROD048,59.32,digital_wallet
549,CUST0049,2025-07-02,PROD049,59.41,credit_card
550,CUST0050,2025-07-03,PROD050,59.5,debit_card
551,CUST0051,2025-07-04,PROD001,59.59,cash
552,CUST0052,2025-07-05,PROD002,59.68,digital_wallet
553,CUST0053,2025-07-06,PROD003,59.77,credit_card
554,CUST0054,2025-07-07,PROD004,59.86,debit_card
555,CUST0055,2025-07-08,PROD005,59.95,cash
556,CUST0056,2025-07-09,PROD006,60.04,digital_wallet
557,CUST0057,2025-07-10,PROD007,60.13,credit_card
558,CUST0058,2025-07-11,PROD008,60.22,debit_card
559,CUST0059,2025-07-12,PROD009,60.31,cash
560,CUST0060,2025-07-13,PROD010,60.4,digital_wallet
561,CUST0061,2025-07-14,PROD011,60.49,credit_card
562,CUST0062,2025-07-15,PROD012,60.58,debit_card
563,CUST0063,2025-07-16,PROD013,60.67,cash
564,CUST0064,2025-07-17,PROD014,60.76,digital_wallet
565,CUST0065,2025-07-18,PROD015,60.85,credit_card
566,CUST0066,2025-07-19,PROD016,60.94,debit_card
567,CUST0067,2025-07-20,PROD017,61.03,cash
568,CUST0068,2025-07-21,PROD018,61.12,digital_wallet
569,CUST0069,2025-07-22,PROD019,61.21,credit_card
570,CUST0070,2025-07-23,PROD020,61.3,debit_card
571,CUST0071,2025-07-24,PROD021,61.39,cash
572,CUST0072,2025-07-25,PROD022,61.48,digital_wallet
573,CUST0073,2025-07-26,PROD023,61.57,credit_card
574,CUST0074,2025-07-27,PROD024,61.66,debit_card
575,CUST0075,2025-07-28,PROD025,61.75,cash
576,CUST0076,2025-07-29,PROD026,61.84,digital_wallet
577,CUST0077,2025-07-30,PROD027,61.93,credit_card
578,CUST0078,2025-07-31,PROD028,62.02,debit_card
579,CUST0079,2025-08-01,PROD029,62.11,cash
580,CUST0080,2025-08-02,PROD030,62.2,digital_wallet
581,CUST0081,2025-08-03,PROD031,62.29,credit_card
582,CUST0082,2025-08-04,PROD032,62.38,debit_card
583,CUST0083,2025-08-05,PROD033,62.47,cash
584,CUST0084,2025-08-06,PROD034,62.56,digital_wallet
585,CUST0085,2025-08-07,PROD035,62.65,credit_card
586,CUST0086,2025-08-08,PROD036,62.74,debit_card
587,CUST0087,2025-08-09,PROD037,62.83,cash
588,CUST0088,2025-08-10,PROD038,62.92,digital_wallet
589,CUST0089,2025-08-11,PROD039,63.01,credit_card
590,CUST0090,2025-08-12,PROD040,63.1,debit_card
591,CUST0091,2025-08-13,PROD041,63.19,cash
592,CUST0092,2025-08-14,PROD042,63.28,digital_wallet
593,CUST0093,2025-08-15,PROD043,63.37,credit_card
594,CUST0094,2025-08-16,PROD044,63.46,debit_card
595,CUST0095,2025-08-17,PROD045,63.55,cash
596,CUST0096,2025-08-18,PROD046,63.64,digital_wallet
597,CUST0097,2025-08-19,PROD047,63.73,credit_card
598,CUST0098,2025-08-20,PROD048,63.82,debit_card
599,CUST0099,2025-08-21,PROD049,63.91,cash
600,CUST0100,2025-08-22,PROD050,64.0,digital_wallet
601,CUST0001,2025-08-23,PROD001,64.09,credit_card
602,CUST0002,2025-08-24,PROD002,64.18,debit_card
603,CUST0003,2025-08-25,PROD003,64.27,cash
604,CUST0004,2025-08-26,PROD004,64.36,digital_wallet
605,CUST0005,2025-08-27,PROD005,64.45,credit_card
606,CUST0006,2025-08-28,PROD006,64.54,debit_card
607,CUST0007,2025-08-29,PROD007,64.63,cash
608,CUST0008,2025-08-30,PROD008,64.72,digital_wallet
609,CUST0009,2025-08-31,PROD009,64.81,credit_card
610,CUST0010,2025-09-01,PROD010,64.9,debit_card
611,CUST0011,2025-09-02,PROD011,64.99,cash
612,CUST0012,2025-09-03,PROD012,65.08,digital_wallet
613,CUST0013,2025-09-04,PROD013,65.17,credit_card
614,CUST0014,2025-09-05,PROD014,65.26,debit_card
615,CUST0015,2025-09-06,PROD015,65.35,cash
616,CUST0016,2025-09-07,PROD016,65.44,digital_wallet
617,CUST0017,2025-09-08,PROD017,65.53,credit_card
618,CUST0018,2025-09-09,PROD018,65.62,debit_card
619,CUST0019,2025-09-10,PROD019,65.71,cash
620,CUST0020,2025-09-11,PROD020,65.8,digital_wallet
621,CUST0021,2025-09-12,PROD021,65.89,credit_card
622,CUST0022,2025-09-13,PROD022,65.98,debit_card
623,CUST0023,2025-09-14,PROD023,66.07,cash
624,CUST0024,2025-09-15,PROD024,66.16,digital_wallet
625,CUST0025,2025-09-16,PROD025,66.25,credit_card
626,CUST0026,2025-09-17,PROD026,66.34,debit_card
627,CUST0027,2025-09-18,PROD027,66.43,cash
628,CUST0028,2025-09-19,PROD028,66.52,digital_wallet
629,CUST0029,2025-09-20,PROD029,66.61,credit_card
630,CUST0030,2025-09-21,PROD030,66.7,debit_card
631,CUST0031,2025-09-22,PROD031,66.79,cash
632,CUST0032,2025-09-23,PROD032,66.88,digital_wallet
633,CUST0033,2025-09-24,PROD033,66.97,credit_card
634,CUST0034,2025-09-25,PROD034,67.06,debit_card
635,CUST0035,2025-09-26,PROD035,67.15,cash
636,CUST0036,2025-09-27,PROD036,67.24,digital_wallet
637,CUST0037,2025-09-28,PROD037,67.33,credit_card
638,CUST0038,2025-09-29,PROD038,67.42,debit_card
639,CUST0039,2025-09-30,PROD039,67.51,cash
640,CUST0040,2025-10-01,PROD040,67.6,digital_wallet
641,CUST0041,2025-10-02,PROD041,67.69,credit_card
642,CUST0042,2025-10-03,PROD042,67.78,debit_card
643,CUST0043,2025-10-04,PROD043,67.87,cash
644,CUST0044,2025-10-05,PROD044,67.96,digital_wallet
645,CUST0045,2025-10-06,PROD045,68.05,credit_card
646,CUST0046,2025-10-07,PROD046,68.14,debit_card
647,CUST0047,2025-10-08,PROD047,68.23,cash
648,CUST0048,2025-10-09,PROD048,68.32,digital_wallet
649,CUST0049,2025-10-10,PROD049,68.41,credit_card
650,CUST0050,2025-10-11,PROD050,68.5,debit_card
651,CUST0051,2025-10-12,PROD001,68.59,cash
652,CUST0052,2025-10-13,PROD002,68.68,digital_wallet
653,CUST0053,2025-10-14,PROD003,68.77,credit_card
654,CUST0054,2025-10-15,PROD004,68.86,debit_card
655,CUST0055,2025-10-16,PROD005,68.95,cash
656,CUST0056,2025-10-17,PROD006,69.04,digital_wallet
657,CUST0057,2025-10-18,PROD007,69.13,credit_card
658,CUST0058,2025-10-19,PROD008,69.22,debit_card
659,CUST0059,2025-10-20,PROD009,69.31,cash
660,CUST0060,2025-10-21,PROD010,69.4,digital_wallet
661,CUST0061,2025-10-22,PROD011,69.49,credit_card
662,CUST0062,2025-10-23,PROD012,69.58,debit_card
663,CUST0063,2025-10-24,PROD013,69.67,cash
664,CUST0064,2025-10-25,PROD014,69.76,digital_wallet
665,CUST0065,2025-10-26,PROD015,69.85,credit_card
666,CUST0066,2025-10-27,PROD016,69.94,debit_card
667,CUST0067,2025-10-28,PROD017,70.03,cash
668,CUST0068,2025-10-29,PROD018,70.12,digital_wallet
669,CUST0069,2025-10-30,PROD019,70.21,credit_card
670,CUST0070,2025-10-31,PROD020,70.3,debit_card
671,CUST0071,2025-11-01,PROD021,70.39,cash
672,CUST0072,2025-11-02,PROD022,70.48,digital_wallet
673,CUST0073,2025-11-03,PROD023,70.57,credit_card
674,CUST0074,2025-11-04,PROD024,70.66,debit_card
675,CUST0075,2025-11-05,PROD025,70.75,cash
676,CUST0076,2025-11-06,PROD026,70.84,digital_wallet
677,CUST0077,2025-11-07,PROD027,70.93,credit_card
678,CUST0078,2025-11-08,PROD028,71.02,debit_card
679,CUST0079,2025-11-09,PROD029,71.11,cash
680,CUST0080,2025-11-10,PROD030,71.2,digital_wallet
681,CUST0081,2025-11-11,PROD031,71.29,credit_card
682,CUST0082,2025-11-12,PROD032,71.38,debit_card
683,CUST0083,2025-11-13,PROD033,71.47,cash
684,CUST0084,2025-11-14,PROD034,71.56,digital_wallet
685,CUST0085,2025-11-15,PROD035,71.65,credit_card
686,CUST0086,2025-11-16,PROD036,71.74,debit_card
687,CUST0087,2025-11-17,PROD037,71.83,cash
688,CUST0088,2025-11-18,PROD038,71.92,digital_wallet
689,CUST0089,2025-11-19,PROD039,72.01,credit_card
690,CUST0090,2025-11-20,PROD040,72.1,debit_card
691,CUST0091,2025-11-21,PROD041,72.19,cash
692,CUST0092,2025-11-22,PROD042,72.28,digital_wallet
693,CUST0093,2025-11-23,PROD043,72.37,credit_card
694,CUST0094,2025-11-24,PROD044,72.46,debit_card
695,CUST0095,2025-11-25,PROD045,72.55,cash
696,CUST0096,2025-11-26,PROD046,72.64,digital_wallet
697,CUST0097,2025-11-27,PROD047,72.73,credit_card
698,CUST0098,2025-11-28,PROD048,72.82,debit_card
699,CUST0099,2025-11-29,PROD049,72.91,cash
700,CUST0100,2025-11-30,PROD050,73.0,digital_wallet
701,CUST0001,2025-12-01,PROD001,73.09,credit_card
702,CUST0002,2025-12-02,PROD002,73.18,debit_card
703,CUST0003,2025-12-03,PROD003,73.27,cash
704,CUST0004,2025-12-04,PROD004,73.36,digital_wallet
705,CUST0005,2025-12-05,PROD005,73.45,credit_card
706,CUST0006,2025-12-06,PROD006,73.54,debit_card
707,CUST0007,2025-12-07,PROD007,73.63,cash
708,CUST0008,2025-12-08,PROD008,73.72,digital_wallet
709,CUST0009,2025-12-09,PROD009,73.81,credit_card
710,CUST0010,2025-12-10,PROD010,73.9,debit_card
711,CUST0011,2025-12-11,PROD011,73.99,cash
712,CUST0012,2025-12-12,PROD012,74.08,digital_wallet
713,CUST0013,2025-12-13,PROD013,74.17,credit_card
714,CUST0014,2025-12-14,PROD014,74.26,debit_card
715,CUST0015,2025-12-15,PROD015,74.35,cash
716,CUST0016,2025-12-16,PROD016,74.44,digital_wallet
717,CUST0017,2025-12-17,PROD017,74.53,credit_card
718,CUST0018,2025-12-18,PROD018,74.62,debit_card
719,CUST0019,2025-12-19,PROD019,74.71,cash
720,CUST0020,2025-12-20,PROD020,74.8,digital_wallet
721,CUST0021,2025-12-21,PROD021,74.89,credit_card
722,CUST0022,2025-12-22,PROD022,74.98,debit_card
723,CUST0023,2025-12-23,PROD023,75.07,cash
724,CUST0024,2025-12-24,PROD024,75.16,digital_wallet
725,CUST0025,2025-12-25,PROD025,75.25,credit_card
726,CUST0026,2025-12-26,PROD026,75.34,debit_card
727,CUST0027,2025-12-27,PROD027,75.43,cash
728,CUST0028,2025-12-28,PROD028,75.52,digital_wallet
729,CUST0029,2025-12-29,PROD029,75.61,credit_card
730,CUST0030,2025-12-30,PROD030,75.7,debit_card
731,CUST0031,2025-12-31,PROD031,75.79,cash
732,CUST0032,2026-01-01,PROD032,75.88,digital_wallet
733,CUST0033,2026-01-02,PROD033,75.97,credit_card
734,CUST0034,2026-01-03,PROD034,76.06,debit_card
735,CUST0035,2026-01-04,PROD035,76.15,cash
736,CUST0036,2026-01-05,PROD036,76.24,digital_wallet
737,CUST0037,2026-01-06,PROD037,76.33,credit_card
738,CUST0038,2026-01-07,PROD038,76.42,debit_card
739,CUST0039,2026-01-08,PROD039,76.51,cash
740,CUST0040,2026-01-09,PROD040,76.6,digital_wallet
741,CUST0041,2026-01-10,PROD041,76.69,credit_card
742,CUST0042,2026-01-11,PROD042,76.78,debit_card
743,CUST0043,2026-01-12,PROD043,76.87,cash
744,CUST0044,2026-01-13,PROD044,76.96,digital_wallet
745,CUST0045,2026-01-14,PROD045,77.05,credit_card
746,CUST0046,2026-01-15,PROD046,77.14,debit_card
747,CUST0047,2026-01-16,PROD047,77.23,cash
748,CUST0048,2026-01-17,PROD048,77.32,digital_wallet
749,CUST0049,2026-01-18,PROD049,77.41,credit_card
750,CUST0050,2026-01-19,PROD050,77.5,debit_card
751,CUST0051,2026-01-20,PROD001,77.59,cash
752,CUST0052,2026-01-21,PROD002,77.68,digital_wallet
753,CUST0053,2026-01-22,PROD003,77.77,credit_card
754,CUST0054,2026-01-23,PROD004,77.86,debit_card
755,CUST0055,2026-01-24,PROD005,77.95,cash
756,CUST0056,2026-01-25,PROD006,78.04,digital_wallet
757,CUST0057,2026-01-26,PROD007,78.13,credit_card
758,CUST0058,2026-01-27,PROD008,78.22,debit_card
759,CUST0059,2026-01-28,PROD009,78.31,cash
760,CUST0060,2026-01-29,PROD010,78.4,digital_wallet
761,CUST0061,2026-01-30,PROD011,78.49,credit_card
762,CUST0062,2026-01-31,PROD012,78.58,debit_card
763,CUST0063,2026-02-01,PROD013,78.67,cash
764,CUST0064,2026-02-02,PROD014,78.76,digital_wallet
765,CUST0065,2026-02-03,PROD015,78.85,credit_card
766,CUST0066,2026-02-04,PROD016,78.94,debit_card
767,CUST0067,2026-02-05,PROD017,79.03,cash
768,CUST0068,2026-02-06,PROD018,79.12,digital_wallet
769,CUST0069,2026-02-07,PROD019,79.21,credit_card
770,CUST0070,2026-02-08,PROD020,79.3,debit_card
771,CUST0071,2026-02-09,PROD021,79.39,cash
772,CUST0072,2026-02-10,PROD022,79.48,digital_wallet
773,CUST0073,2026-02-11,PROD023,79.57,credit_card
774,CUST0074,2026-02-12,PROD024,79.66,debit_card
775,CUST0075,2026-02-13,PROD025,79.75,cash
776,CUST0076,2026-02-14,PROD026,79.84,digital_wallet
777,CUST0077,2026-02-15,PROD027,79.93,credit_card
778,CUST0078,2026-02-16,PROD028,80.02,debit_card
779,CUST0079,2026-02-17,PROD029,80.11,cash
780,CUST0080,2026-02-18,PROD030,80.2,digital_wallet
781,CUST0081,2026-02-19,PROD031,80.29,credit_card
782,CUST0082,2026-02-20,PROD032,80.38,debit_card
783,CUST0083,2026-02-21,PROD033,80.47,cash
784,CUST0084,2026-02-22,PROD034,80.56,digital_wallet
785,CUST0085,2026-02-23,PROD035,80.65,credit_card
786,CUST0086,2026-02-24,PROD036,80.74,debit_card
787,CUST0087,2026-02-25,PROD037,80.83,cash
788,CUST0088,2026-02-26,PROD038,80.92,digital_wallet
789,CUST0089,2026-02-27,PROD039,81.01,credit_card
790,CUST0090,2026-02-28,PROD040,81.1,debit_card
791,CUST0091,2026-03-01,PROD041,81.19,cash
792,CUST0092,2026-03-02,PROD042,81.28,digital_wallet
793,CUST0093,2026-03-03,PROD043,81.37,credit_card
794,CUST0094,2026-03-04,PROD044,81.46,debit_card
795,CUST0095,2026-03-05,PROD045,81.55,cash
796,CUST0096,2026-03-06,PROD046,81.64,digital_wallet
797,CUST0097,2026-03-07,PROD047,81.73,credit_card
798,CUST0098,2026-03-08,PROD048,81.82,debit_card
799,CUST0099,2026-03-09,PROD049,81.91,cash
800,CUST0100,2026-03-10,PROD050,82.0,digital_wallet
801,CUST0001,2026-03-11,PROD001,82.09,credit_card
802,CUST0002,2026-03-12,PROD002,82.18,debit_card
803,CUST0003,2026-03-13,PROD003,82.27,cash
804,CUST0004,2026-03-14,PROD004,82.36,digital_wallet
805,CUST0005,2026-03-15,PROD005,82.45,credit_card
806,CUST0006,2026-03-16,PROD006,82.54,debit_card
807,CUST0007,2026-03-17,PROD007,82.63,cash
808,CUST0008,2026-03-18,PROD008,82.72,digital_wallet
809,CUST0009,2026-03-19,PROD009,82.81,credit_card
810,CUST0010,2026-03-20,PROD010,82.9,debit_card
811,CUST0011,2026-03-21,PROD011,82.99,cash
812,CUST0012,2026-03-22,PROD012,83.08,digital_wallet
813,CUST0013,2026-03-23,PROD013,83.17,credit_card
814,CUST0014,2026-03-24,PROD014,83.26,debit_card
815,CUST0015,2026-03-25,PROD015,83.35,cash
816,CUST0016,2026-03-26,PROD016,83.44,digital_wallet
817,CUST0017,2026-03-27,PROD017,83.53,credit_card
818,CUST0018,2026-03-28,PROD018,83.62,debit_card
819,CUST0019,2026-03-29,PROD019,83.71,cash
820,CUST0020,2026-03-30,PROD020,83.8,digital_wallet
821,CUST0021,2026-03-31,PROD021,83.89,credit_card
822,CUST0022,2026-04-01,PROD022,83.98,debit_card
823,CUST0023,2026-04-02,PROD023,84.07,cash
824,CUST0024,2026-04-03,PROD024,84.16,digital_wallet
825,CUST0025,2026-04-04,PROD025,84.25,credit_card
826,CUST0026,2026-04-05,PROD026,84.34,debit_card
827,CUST0027,2026-04-06,PROD027,84.43,cash
828,CUST0028,2026-04-07,PROD028,84.52,digital_wallet
829,CUST0029,2026-04-08,PROD029,84.61,credit_card
830,CUST0030,2026-04-09,PROD030,84.7,debit_card
831,CUST0031,2026-04-10,PROD031,84.79,cash
832,CUST0032,2026-04-11,PROD032,84.88,digital_wallet
833,CUST0033,2026-04-12,PROD033,84.97,credit_card
834,CUST0034,2026-04-13,PROD034,85.06,debit_card
835,CUST0035,2026-04-14,PROD035,85.15,cash
836,CUST0036,2026-04-15,PROD036,85.24,digital_wallet
837,CUST0037,2026-04-16,PROD037,85.33,credit_card
838,CUST0038,2026-04-17,PROD038,85.42,debit_card
839,CUST0039,2026-04-18,PROD039,85.51,cash
840,CUST0040,2026-04-19,PROD040,85.6,digital_wallet
841,CUST0041,2026-04-20,PROD041,85.69,credit_card
842,CUST0042,2026-04-21,PROD042,85.78,debit_card
843,CUST0043,2026-04-22,PROD043,85.87,cash
844,CUST0044,2026-04-23,PROD044,85.96,digital_wallet
845,CUST0045,2026-04-24,PROD045,86.05,credit_card
846,CUST0046,2026-04-25,PROD046,86.14,debit_card
847,CUST0047,2026-04-26,PROD047,86.23,cash
848,CUST0048,2026-04-27,PROD048,86.32,digital_wallet
849,CUST0049,2026-04-28,PROD049,86.41,credit_card
850,CUST0050,2026-04-29,PROD050,86.5,debit_card
851,CUST0051,2026-04-30,PROD001,86.59,cash
852,CUST0052,2026-05-01,PROD002,86.68,digital_wallet
853,CUST0053,2026-05-02,PROD003,86.77,credit_card
854,CUST0054,2026-05-03,PROD004,86.86,debit_card
855,CUST0055,2026-05-04,PROD005,86.95,cash
856,CUST0056,2026-05-05,PROD006,87.04,digital_wallet
857,CUST0057,2026-05-06,PROD007,87.13,credit_card
858,CUST0058,2026-05-07,PROD008,87.22,debit_card
859,CUST0059,2026-05-08,PROD009,87.31,cash
860,CUST0060,2026-05-09,PROD010,87.4,digital_wallet
861,CUST0061,2026-05-10,PROD011,87.49,credit_card
862,CUST0062,2026-05-11,PROD012,87.58,debit_card
863,CUST0063,2026-05-12,PROD013,87.67,cash
864,CUST0064,2026-05-13,PROD014,87.76,digital_wallet
865,CUST0065,2026-05-14,PROD015,87.85,credit_card
866,CUST0066,2026-05-15,PROD016,87.94,debit_card
867,CUST0067,2026-05-16,PROD017,88.03,cash
868,CUST0068,2026-05-17,PROD018,88.12,digital_wallet
869,CUST0069,2026-05-18,PROD019,88.21,credit_card
870,CUST0070,2026-05-19,PROD020,88.3,debit_card
871,CUST0071,2026-05-20,PROD021,88.39,cash
872,CUST0072,2026-05-21,PROD022,88.48,digital_wallet
873,CUST0073,2026-05-22,PROD023,88.57,credit_card
874,CUST0074,2026-05-23,PROD024,88.66,debit_card
875,CUST0075,2026-05-24,PROD025,88.75,cash
876,CUST0076,2026-05-25,PROD026,88.84,digital_wallet
877,CUST0077,2026-05-26,PROD027,88.93,credit_card
878,CUST0078,2026-05-27,PROD028,89.02,debit_card
879,CUST0079,2026-05-28,PROD029,89.11,cash
880,CUST0080,2026-05-29,PROD030,89.2,digital_wallet
881,CUST0081,2026-05-30,PROD031,89.29,credit_card
882,CUST0082,2026-05-31,PROD032,89.38,debit_card
883,CUST0083,2026-06-01,PROD033,89.47,cash
884,CUST0084,2026-06-02,PROD034,89.56,digital_wallet
885,CUST0085,2026-06-03,PROD035,89.65,credit_card
886,CUST0086,2026-06-04,PROD036,89.74,debit_card
887,CUST0087,2026-06-05,PROD037,89.83,cash
888,CUST0088,2026-06-06,PROD038,89.92,digital_wallet
889,CUST0089,2026-06-07,PROD039,90.01,credit_card
890,CUST0090,2026-06-08,PROD040,90.1,debit_card
891,CUST0091,2026-06-09,PROD041,90.19,cash
892,CUST0092,2026-06-10,PROD042,90.28,digital_wallet
893,CUST0093,2026-06-11,PROD043,90.37,credit_card
894,CUST0094,2026-06-12,PROD044,90.46,debit_card
895,CUST0095,2026-06-13,PROD045,90.55,cash
896,CUST0096,2026-06-14,PROD046,90.64,digital_wallet
897,CUST0097,2026-06-15,PROD047,90.73,credit_card
898,CUST0098,2026-06-16,PROD048,90.82,debit_card
899,CUST0099,2026-06-17,PROD049,90.91,cash
900,CUST0100,2026-06-18,PROD050,91.0,digital_wallet
901,CUST0001,2026-06-19,PROD001,91.09,credit_card
902,CUST0002,2026-06-20,PROD002,91.18,debit_card
903,CUST0003,2026-06-21,PROD003,91.27,cash
904,CUST0004,2026-06-22,PROD004,91.36,digital_wallet
905,CUST0005,2026-06-23,PROD005,91.45,credit_card
906,CUST0006,2026-06-24,PROD006,91.54,debit_card
907,CUST0007,2026-06-25,PROD007,91.63,cash
908,CUST0008,2026-06-26,PROD008,91.72,digital_wallet
909,CUST0009,2026-06-27,PROD009,91.81,credit_card
910,CUST0010,2026-06-28,PROD010,91.9,debit_card
911,CUST0011,2026-06-29,PROD011,91.99,cash
912,CUST0012,2026-06-30,PROD012,92.08,digital_wallet
913,CUST0013,2026-07-01,PROD013,92.17,credit_card
914,CUST0014,2026-07-02,PROD014,92.26,debit_card
915,CUST0015,2026-07-03,PROD015,92.35,cash
916,CUST0016,2026-07-04,PROD016,92.44,digital_wallet
917,CUST0017,2026-07-05,PROD017,92.53,credit_card
918,CUST0018,2026-07-06,PROD018,92.62,debit_card
919,CUST0019,2026-07-07,PROD019,92.71,cash
920,CUST0020,2026-07-08,PROD020,92.8,digital_wallet
921,CUST0021,2026-07-09,PROD021,92.89,credit_card
922,CUST0022,2026-07-10,PROD022,92.98,debit_card
923,CUST0023,2026-07-11,PROD023,93.07,cash
924,CUST0024,2026-07-12,PROD024,93.16,digital_wallet
925,CUST0025,2026-07-13,PROD025,93.25,credit_card
926,CUST0026,2026-07-14,PROD026,93.34,debit_card
927,CUST0027,2026-07-15,PROD027,93.43,cash
928,CUST0028,2026-07-16,PROD028,93.52,digital_wallet
929,CUST0029,2026-07-17,PROD029,93.61,credit_card
930,CUST0030,2026-07-18,PROD030,93.7,debit_card
931,CUST0031,2026-07-19,PROD031,93.79,cash
932,CUST0032,2026-07-20,PROD032,93.88,digital_wallet
933,CUST0033,2026-07-21,PROD033,93.97,credit_card
934,CUST0034,2026-07-22,PROD034,94.06,debit_card
935,CUST0035,2026-07-23,PROD035,94.15,cash
936,CUST0036,2026-07-24,PROD036,94.24,digital_wallet
937,CUST0037,2026-07-25,PROD037,94.33,credit_card
938,CUST0038,2026-07-26,PROD038,94.42,debit_card
939,CUST0039,2026-07-27,PROD039,94.51,cash
940,CUST0040,2026-07-28,PROD040,94.6,digital_wallet
941,CUST0041,2026-07-29,PROD041,94.69,credit_card
942,CUST0042,2026-07-30,PROD042,94.78,debit_card
943,CUST0043,2026-07-31,PROD043,94.87,cash
944,CUST0044,2026-08-01,PROD044,94.96,digital_wallet
945,CUST0045,2026-08-02,PROD045,95.05,credit_card
946,CUST0046,2026-08-03,PROD046,95.14,debit_card
947,CUST0047,2026-08-04,PROD047,95.23,cash
948,CUST0048,2026-08-05,PROD048,95.32,digital_wallet
949,CUST0049,2026-08-06,PROD049,95.41,credit_card
950,CUST0050,2026-08-07,PROD050,95.5,debit_card
951,CUST0051,2026-08-08,PROD001,95.59,cash
952,CUST0052,2026-08-09,PROD002,95.68,digital_wallet
953,CUST0053,2026-08-10,PROD003,95.77,credit_card
954,CUST0054,2026-08-11,PROD004,95.86,debit_card
955,CUST0055,2026-08-12,PROD005,95.95,cash
956,CUST0056,2026-08-13,PROD006,96.04,digital_wallet
957,CUST0057,2026-08-14,PROD007,96.13,credit_card
958,CUST0058,2026-08-15,PROD008,96.22,debit_card
959,CUST0059,2026-08-16,PROD009,96.31,cash
960,CUST0060,2026-08-17,PROD010,96.4,digital_wallet
961,CUST0061,2026-08-18,PROD011,96.49,credit_card
962,CUST0062,2026-08-19,PROD012,96.58,debit_card
963,CUST0063,2026-08-20,PROD013,96.67,cash
964,CUST0064,2026-08-21,PROD014,96.76,digital_wallet
965,CUST0065,2026-08-22,PROD015,96.85,credit_card
966,CUST0066,2026-08-23,PROD016,96.94,debit_card
967,CUST0067,2026-08-24,PROD017,97.03,cash
968,CUST0068,2026-08-25,PROD018,97.12,digital_wallet
969,CUST0069,2026-08-26,PROD019,97.21,credit_card
970,CUST0070,2026-08-27,PROD020,97.3,debit_card
971,CUST0071,2026-08-28,PROD021,97.39,cash
972,CUST0072,2026-08-29,PROD022,97.48,digital_wallet
973,CUST0073,2026-08-30,PROD023,97.57,credit_card
974,CUST0074,2026-08-31,PROD024,97.66,debit_card
975,CUST0075,2026-09-01,PROD025,97.75,cash
976,CUST0076,2026-09-02,PROD026,97.84,digital_wallet
977,CUST0077,2026-09-03,PROD027,97.93,credit_card
978,CUST0078,2026-09-04,PROD028,98.02,debit_card
979,CUST0079,2026-09-05,PROD029,98.11,cash
980,CUST0080,2026-09-06,PROD030,98.2,digital_wallet
981,CUST0081,2026-09-07,PROD031,98.29,credit_card
982,CUST0082,2026-09-08,PROD032,98.38,debit_card
983,CUST0083,2026-09-09,PROD033,98.47,cash
984,CUST0084,2026-09-10,PROD034,98.56,digital_wallet
985,CUST0085,2026-09-11,PROD035,98.65,credit_card
986,CUST0086,2026-09-12,PROD036,98.74,debit_card
987,CUST0087,2026-09-13,PROD037,98.83,cash
988,CUST0088,2026-09-14,PROD038,98.92,digital_wallet
989,CUST0089,2026-09-15,PROD039,99.01,credit_card
990,CUST0090,2026-09-16,PROD040,99.1,debit_card
991,CUST0091,2026-09-17,PROD041,99.19,cash
992,CUST0092,2026-09-18,PROD042,99.28,digital_wallet
993,CUST0093,2026-09-19,PROD043,99.37,credit_card
994,CUST0094,2026-09-20,PROD044,99.46,debit_card
995,CUST0095,2026-09-21,PROD045,99.55,cash
996,CUST0096,2026-09-22,PROD046,99.64,digital_wallet
997,CUST0097,2026-09-23,PROD047,99.73,credit_card
998,CUST0098,2026-09-24,PROD048,99.82,debit_card
999,CUST0099,2026-09-25,PROD049,99.91,cash
1000,CUST0100,2026-09-26,PROD050,100.0,digital_wallet
